{"train_loss": 0.03571876886114478, "_runtime": 253545, "_timestamp": 1641018328, "_step": 319, "val dose error": -3.167121336981654, "_wandb": {"runtime": 253547}}